"Customer_id","sex","No_of_products","Amount_spent","Location","Payment_method"
1,"Male",6,103,"Ontario","Mastercard"
2,"Male",1,340,"Quebec","Mastercard"
3,"Male",4,355,"Alberta","Pay by cash"
4,"Male",3,183,"Quebec","debit"
5,"Female",3,155,"Quebec","credit"
6,"Female",4,203,"Alberta","debit"
7,"Male",7,262,"Ontario","Mastercard"
8,"Male",7,441,"Ontario","debit"
9,"Male",6,293,"Quebec","debit"
10,"Male",2,465,"Ontario","credit"
11,"Female",3,365,"Ontario","Mastercard"
12,"Male",5,384,"Alberta","debit"
13,"Male",8,349,"Ontario","credit"
14,"Male",8,398,"Quebec","debit"
15,"Male",5,165,"Ontario","Mastercard"
16,"Male",4,140,"Quebec","Pay by cash"
17,"Female",8,126,"Quebec","credit"
18,"Male",6,133,"Alberta","Mastercard"
19,"Female",4,222,"Alberta","Mastercard"
20,"Male",2,401,"Quebec","Mastercard"
21,"Male",4,310,"Quebec","Pay by cash"
22,"Female",7,321,"Ontario","Mastercard"
23,"Male",8,266,"Quebec","credit"
24,"Male",6,442,"Quebec","Mastercard"
25,"Male",4,421,"Ontario","Pay by cash"
26,"Male",5,441,"Alberta","Mastercard"
27,"Male",3,364,"Ontario","debit"
28,"Male",3,200,"Alberta","credit"
29,"Female",8,192,"Quebec","Mastercard"
30,"Female",3,385,"Ontario","credit"
31,"Female",2,478,"Ontario","Pay by cash"
32,"Male",1,259,"Alberta","Pay by cash"
33,"Female",1,321,"Quebec","credit"
34,"Male",7,425,"Alberta","credit"
35,"Female",6,306,"Quebec","Mastercard"
36,"Male",7,130,"Ontario","Pay by cash"
37,"Female",3,455,"Quebec","Mastercard"
38,"Male",4,320,"Quebec","debit"
39,"Female",8,324,"Alberta","Pay by cash"
40,"Male",5,151,"Alberta","credit"
41,"Male",5,425,"Alberta","debit"
42,"Female",3,483,"Quebec","Pay by cash"
43,"Female",6,298,"Alberta","Pay by cash"
44,"Female",4,231,"Alberta","Pay by cash"
45,"Male",6,445,"Quebec","Mastercard"
46,"Female",4,472,"Ontario","credit"
47,"Female",1,365,"Alberta","Mastercard"
48,"Female",8,427,"Quebec","credit"
49,"Male",6,350,"Ontario","Pay by cash"
50,"Male",4,285,"Alberta","debit"
51,"Female",3,317,"Ontario","debit"
52,"Male",7,359,"Quebec","Mastercard"
53,"Female",1,270,"Quebec","Mastercard"
54,"Male",6,399,"Ontario","Mastercard"
55,"Male",8,152,"Quebec","Mastercard"
56,"Male",6,393,"Quebec","debit"
57,"Male",6,277,"Quebec","credit"
58,"Female",3,422,"Ontario","debit"
59,"Female",4,202,"Ontario","debit"
60,"Male",3,243,"Quebec","debit"
61,"Male",5,457,"Ontario","Pay by cash"
62,"Male",6,143,"Ontario","Pay by cash"
63,"Male",3,233,"Alberta","Pay by cash"
64,"Female",3,151,"Ontario","debit"
65,"Male",5,107,"Ontario","Mastercard"
66,"Female",4,465,"Ontario","debit"
67,"Female",1,142,"Quebec","Pay by cash"
68,"Male",6,414,"Ontario","Pay by cash"
69,"Male",1,232,"Quebec","Mastercard"
70,"Female",6,200,"Quebec","debit"
71,"Male",8,451,"Alberta","credit"
72,"Male",7,410,"Quebec","debit"
73,"Male",5,154,"Ontario","credit"
74,"Female",8,316,"Quebec","Pay by cash"
75,"Female",6,380,"Quebec","Pay by cash"
76,"Male",2,260,"Quebec","credit"
77,"Male",5,377,"Quebec","debit"
78,"Female",6,275,"Ontario","Pay by cash"
79,"Female",7,195,"Alberta","Mastercard"
80,"Female",6,143,"Alberta","Mastercard"
81,"Male",1,456,"Quebec","Pay by cash"
82,"Male",7,344,"Ontario","Pay by cash"
83,"Male",7,388,"Ontario","Mastercard"
84,"Male",1,321,"Alberta","credit"
85,"Male",1,295,"Ontario","Pay by cash"
86,"Male",2,193,"Alberta","Mastercard"
87,"Female",1,324,"Ontario","Mastercard"
88,"Female",7,441,"Quebec","Mastercard"
89,"Female",3,166,"Ontario","Pay by cash"
90,"Male",1,235,"Alberta","debit"
91,"Female",4,498,"Alberta","credit"
92,"Male",6,474,"Quebec","Pay by cash"
93,"Male",4,146,"Quebec","Pay by cash"
94,"Female",5,305,"Quebec","debit"
95,"Female",8,119,"Quebec","Pay by cash"
96,"Male",3,346,"Ontario","Mastercard"
97,"Female",3,316,"Alberta","debit"
98,"Female",4,225,"Alberta","credit"
99,"Female",2,106,"Ontario","Mastercard"
100,"Male",3,319,"Alberta","Mastercard"
101,"Female",5,490,"Ontario","Pay by cash"
102,"Male",3,446,"Alberta","Pay by cash"
103,"Female",4,272,"Alberta","Mastercard"
104,"Male",7,307,"Ontario","debit"
105,"Female",2,210,"Quebec","debit"
106,"Male",4,154,"Quebec","Pay by cash"
107,"Male",4,331,"Quebec","Pay by cash"
108,"Female",6,385,"Ontario","Pay by cash"
109,"Male",6,212,"Quebec","Mastercard"
110,"Female",5,257,"Quebec","Pay by cash"
111,"Male",5,186,"Quebec","debit"
112,"Male",4,259,"Alberta","credit"
113,"Male",2,276,"Ontario","credit"
114,"Female",5,482,"Ontario","Mastercard"
115,"Male",1,404,"Quebec","Pay by cash"
116,"Male",3,315,"Quebec","debit"
117,"Female",4,222,"Quebec","Mastercard"
118,"Female",7,166,"Alberta","debit"
119,"Male",2,412,"Quebec","debit"
120,"Male",1,202,"Quebec","debit"
121,"Female",1,172,"Ontario","debit"
122,"Female",8,263,"Ontario","credit"
123,"Female",5,153,"Ontario","debit"
124,"Male",8,350,"Ontario","Pay by cash"
125,"Female",8,206,"Ontario","credit"
126,"Female",2,497,"Alberta","debit"
127,"Female",2,111,"Ontario","credit"
128,"Male",6,427,"Ontario","Pay by cash"
129,"Female",2,236,"Alberta","Pay by cash"
130,"Female",2,139,"Ontario","Mastercard"
131,"Male",4,364,"Quebec","Mastercard"
132,"Male",4,317,"Ontario","credit"
133,"Female",3,458,"Ontario","debit"
134,"Male",6,445,"Alberta","Pay by cash"
135,"Male",6,352,"Alberta","Pay by cash"
136,"Female",1,239,"Alberta","Pay by cash"
137,"Female",8,483,"Alberta","Pay by cash"
138,"Male",3,213,"Quebec","debit"
139,"Male",8,259,"Quebec","Mastercard"
140,"Female",4,271,"Quebec","credit"
141,"Female",7,490,"Ontario","Pay by cash"
142,"Male",8,391,"Quebec","credit"
143,"Male",6,427,"Quebec","credit"
144,"Female",2,114,"Alberta","Mastercard"
145,"Male",2,136,"Quebec","credit"
146,"Female",5,308,"Quebec","debit"
147,"Female",1,380,"Quebec","Mastercard"
148,"Female",5,460,"Alberta","debit"
149,"Female",4,312,"Quebec","Pay by cash"
150,"Male",8,446,"Quebec","Pay by cash"
151,"Female",5,359,"Quebec","debit"
152,"Male",1,350,"Alberta","debit"
153,"Male",6,148,"Alberta","Pay by cash"
154,"Female",5,398,"Ontario","credit"
155,"Male",5,258,"Quebec","Mastercard"
156,"Male",2,391,"Quebec","Mastercard"
157,"Female",3,316,"Alberta","credit"
158,"Female",1,269,"Quebec","Pay by cash"
159,"Male",2,457,"Ontario","credit"
160,"Female",2,473,"Ontario","credit"
161,"Female",3,285,"Quebec","Pay by cash"
162,"Female",6,344,"Alberta","credit"
163,"Male",4,429,"Alberta","debit"
164,"Female",5,377,"Ontario","credit"
165,"Male",3,224,"Quebec","Mastercard"
166,"Female",7,187,"Alberta","credit"
167,"Male",4,386,"Quebec","credit"
168,"Male",8,202,"Ontario","Mastercard"
169,"Male",2,252,"Alberta","debit"
170,"Male",2,453,"Ontario","Pay by cash"
171,"Female",5,291,"Alberta","Pay by cash"
172,"Male",1,443,"Ontario","credit"
173,"Male",2,431,"Quebec","debit"
174,"Female",6,103,"Ontario","credit"
175,"Male",2,495,"Quebec","debit"
176,"Female",5,402,"Quebec","Mastercard"
177,"Male",1,210,"Quebec","debit"
178,"Female",8,377,"Quebec","debit"
179,"Male",4,391,"Ontario","debit"
180,"Female",8,129,"Quebec","Mastercard"
181,"Male",8,205,"Ontario","Mastercard"
182,"Female",8,267,"Alberta","debit"
183,"Male",1,477,"Quebec","debit"
184,"Female",8,446,"Alberta","debit"
185,"Male",7,167,"Alberta","Pay by cash"
186,"Female",5,104,"Quebec","Pay by cash"
187,"Male",8,202,"Ontario","credit"
188,"Female",2,336,"Ontario","Pay by cash"
189,"Female",8,322,"Alberta","Mastercard"
190,"Male",8,367,"Quebec","Mastercard"
191,"Female",1,302,"Alberta","credit"
192,"Male",7,350,"Quebec","Mastercard"
193,"Male",8,415,"Quebec","credit"
194,"Female",8,367,"Alberta","credit"
195,"Female",8,315,"Alberta","credit"
196,"Female",1,209,"Alberta","Pay by cash"
197,"Female",7,168,"Ontario","Mastercard"
198,"Female",6,232,"Ontario","Mastercard"
199,"Male",8,249,"Ontario","debit"
200,"Male",8,310,"Quebec","credit"
201,"Male",8,294,"Alberta","debit"
202,"Male",2,382,"Ontario","Mastercard"
203,"Male",6,103,"Quebec","Pay by cash"
204,"Female",3,318,"Alberta","Mastercard"
205,"Female",2,160,"Alberta","debit"
206,"Female",5,269,"Alberta","Pay by cash"
207,"Female",5,328,"Ontario","debit"
208,"Female",7,280,"Alberta","debit"
209,"Female",1,494,"Quebec","credit"
210,"Female",3,358,"Ontario","debit"
211,"Male",4,195,"Alberta","Pay by cash"
212,"Female",2,336,"Ontario","Mastercard"
213,"Male",1,348,"Ontario","debit"
214,"Male",6,170,"Quebec","credit"
215,"Female",2,428,"Ontario","Pay by cash"
216,"Female",5,413,"Alberta","Mastercard"
217,"Female",3,110,"Quebec","Mastercard"
218,"Female",7,303,"Alberta","Pay by cash"
219,"Female",7,463,"Ontario","Pay by cash"
220,"Male",8,153,"Quebec","Pay by cash"
221,"Male",7,421,"Ontario","Pay by cash"
222,"Female",2,415,"Alberta","credit"
223,"Male",8,258,"Quebec","credit"
224,"Male",1,470,"Ontario","Mastercard"
225,"Female",4,119,"Quebec","debit"
226,"Male",4,197,"Alberta","Pay by cash"
227,"Male",2,370,"Alberta","debit"
228,"Female",4,223,"Alberta","Mastercard"
229,"Male",2,226,"Ontario","Pay by cash"
230,"Female",5,317,"Ontario","debit"
231,"Male",2,166,"Quebec","Pay by cash"
232,"Male",3,371,"Quebec","credit"
233,"Male",1,312,"Alberta","debit"
234,"Female",8,152,"Alberta","Pay by cash"
235,"Male",5,251,"Ontario","debit"
236,"Female",1,335,"Ontario","Mastercard"
237,"Male",1,436,"Quebec","Mastercard"
238,"Female",3,366,"Quebec","credit"
239,"Female",1,174,"Quebec","credit"
240,"Female",5,307,"Quebec","debit"
241,"Male",6,352,"Alberta","debit"
242,"Male",8,136,"Quebec","Mastercard"
243,"Female",5,269,"Alberta","Pay by cash"
244,"Female",4,480,"Alberta","Pay by cash"
245,"Male",6,153,"Ontario","Mastercard"
246,"Female",6,485,"Quebec","debit"
247,"Female",2,117,"Quebec","credit"
248,"Male",8,300,"Ontario","credit"
249,"Female",7,153,"Alberta","credit"
250,"Female",8,444,"Alberta","Pay by cash"
251,"Female",3,326,"Alberta","Pay by cash"
252,"Female",6,125,"Quebec","credit"
253,"Male",8,317,"Alberta","Pay by cash"
254,"Female",7,270,"Quebec","Pay by cash"
255,"Male",2,292,"Ontario","Mastercard"
256,"Male",4,248,"Alberta","Pay by cash"
257,"Male",8,141,"Quebec","credit"
258,"Female",2,173,"Ontario","Pay by cash"
259,"Male",1,453,"Alberta","debit"
260,"Male",4,413,"Ontario","debit"
261,"Male",3,163,"Quebec","Pay by cash"
262,"Male",2,109,"Ontario","Mastercard"
263,"Female",2,380,"Quebec","Pay by cash"
264,"Female",1,147,"Ontario","credit"
265,"Male",6,383,"Alberta","Mastercard"
266,"Male",7,464,"Quebec","Mastercard"
267,"Male",8,180,"Ontario","credit"
268,"Female",8,225,"Ontario","debit"
269,"Male",5,309,"Alberta","credit"
270,"Female",5,211,"Alberta","Mastercard"
271,"Male",8,482,"Alberta","Pay by cash"
272,"Male",7,111,"Quebec","Mastercard"
273,"Male",1,462,"Quebec","credit"
274,"Male",5,340,"Alberta","Pay by cash"
275,"Female",7,270,"Ontario","debit"
276,"Male",4,137,"Quebec","Mastercard"
277,"Female",2,399,"Quebec","debit"
278,"Male",7,294,"Alberta","credit"
279,"Male",8,131,"Alberta","Mastercard"
280,"Female",8,308,"Ontario","Mastercard"
281,"Female",7,409,"Ontario","credit"
282,"Male",6,259,"Alberta","debit"
283,"Male",8,394,"Alberta","Pay by cash"
284,"Female",5,235,"Alberta","Mastercard"
285,"Female",1,213,"Alberta","Mastercard"
286,"Female",8,347,"Quebec","Mastercard"
287,"Male",4,255,"Ontario","debit"
288,"Male",2,429,"Ontario","debit"
289,"Female",1,418,"Alberta","Pay by cash"
290,"Male",2,459,"Ontario","debit"
291,"Female",8,491,"Quebec","Mastercard"
292,"Male",1,326,"Ontario","debit"
293,"Male",6,223,"Ontario","credit"
294,"Male",8,210,"Alberta","debit"
295,"Female",7,398,"Quebec","credit"
296,"Male",5,156,"Ontario","Mastercard"
297,"Female",7,175,"Alberta","credit"
298,"Male",1,418,"Ontario","Pay by cash"
299,"Female",7,439,"Ontario","Pay by cash"
300,"Female",1,247,"Quebec","Pay by cash"
301,"Male",2,222,"Alberta","Pay by cash"
302,"Female",3,483,"Ontario","Mastercard"
303,"Female",6,345,"Quebec","Pay by cash"
304,"Male",6,353,"Ontario","Mastercard"
305,"Male",4,104,"Alberta","credit"
306,"Female",8,290,"Alberta","credit"
307,"Male",5,392,"Quebec","Mastercard"
308,"Male",8,118,"Quebec","credit"
309,"Male",3,231,"Quebec","Mastercard"
310,"Female",6,107,"Ontario","credit"
311,"Female",5,349,"Alberta","credit"
312,"Female",6,244,"Quebec","Pay by cash"
313,"Male",6,394,"Ontario","debit"
314,"Male",8,445,"Ontario","credit"
315,"Female",5,103,"Quebec","debit"
316,"Male",8,499,"Alberta","credit"
317,"Female",8,309,"Quebec","Pay by cash"
318,"Male",1,499,"Alberta","debit"
319,"Female",1,224,"Alberta","Pay by cash"
320,"Female",7,201,"Alberta","Mastercard"
321,"Female",1,219,"Quebec","Mastercard"
322,"Male",7,344,"Quebec","credit"
323,"Female",5,217,"Alberta","Pay by cash"
324,"Female",3,156,"Alberta","Pay by cash"
325,"Female",4,463,"Ontario","Mastercard"
326,"Male",2,362,"Quebec","credit"
327,"Male",8,137,"Ontario","Pay by cash"
328,"Male",2,482,"Quebec","Pay by cash"
329,"Male",3,111,"Quebec","Mastercard"
330,"Female",4,216,"Alberta","Mastercard"
331,"Female",1,465,"Quebec","debit"
332,"Female",1,470,"Ontario","credit"
333,"Female",3,304,"Ontario","credit"
334,"Female",1,385,"Alberta","credit"
335,"Male",4,430,"Ontario","credit"
336,"Female",8,267,"Ontario","Pay by cash"
337,"Female",7,152,"Quebec","debit"
338,"Male",3,263,"Quebec","debit"
339,"Female",2,121,"Alberta","Pay by cash"
340,"Male",3,146,"Quebec","Mastercard"
341,"Female",8,458,"Alberta","Pay by cash"
342,"Male",2,114,"Ontario","credit"
343,"Female",5,260,"Alberta","credit"
344,"Female",8,475,"Quebec","Mastercard"
345,"Female",4,268,"Ontario","Pay by cash"
346,"Male",8,336,"Ontario","Mastercard"
347,"Female",4,466,"Ontario","debit"
348,"Female",2,431,"Quebec","Mastercard"
349,"Male",6,487,"Alberta","Pay by cash"
350,"Male",6,403,"Quebec","Mastercard"
351,"Male",4,137,"Ontario","debit"
352,"Male",2,337,"Quebec","debit"
353,"Male",8,247,"Alberta","debit"
354,"Male",2,408,"Quebec","Mastercard"
355,"Female",6,198,"Alberta","debit"
356,"Female",7,226,"Ontario","Mastercard"
357,"Female",6,169,"Ontario","Mastercard"
358,"Female",7,234,"Quebec","Mastercard"
359,"Male",3,463,"Ontario","Pay by cash"
360,"Male",3,285,"Quebec","Pay by cash"
361,"Female",8,158,"Alberta","Mastercard"
362,"Male",6,201,"Alberta","Pay by cash"
363,"Female",1,259,"Alberta","debit"
364,"Female",5,160,"Quebec","debit"
365,"Female",6,189,"Alberta","credit"
366,"Male",5,353,"Alberta","debit"
367,"Male",5,318,"Quebec","Mastercard"
368,"Female",5,470,"Alberta","credit"
369,"Female",1,445,"Ontario","Mastercard"
370,"Male",6,275,"Ontario","credit"
371,"Male",5,425,"Quebec","credit"
372,"Male",2,402,"Alberta","credit"
373,"Male",4,361,"Ontario","Pay by cash"
374,"Male",1,461,"Ontario","Mastercard"
375,"Male",7,233,"Ontario","Pay by cash"
376,"Male",7,465,"Ontario","Pay by cash"
377,"Male",7,214,"Ontario","Pay by cash"
378,"Male",7,313,"Alberta","Mastercard"
379,"Male",7,299,"Alberta","Pay by cash"
380,"Female",1,394,"Alberta","credit"
381,"Male",3,288,"Quebec","Mastercard"
382,"Female",2,121,"Quebec","debit"
383,"Male",2,243,"Quebec","debit"
384,"Male",6,159,"Alberta","Mastercard"
385,"Male",2,105,"Ontario","debit"
386,"Female",2,432,"Alberta","credit"
387,"Male",6,488,"Alberta","Pay by cash"
388,"Male",8,423,"Alberta","credit"
389,"Male",3,461,"Quebec","debit"
390,"Female",3,100,"Ontario","Mastercard"
391,"Male",1,405,"Ontario","debit"
392,"Male",6,256,"Quebec","credit"
393,"Male",4,487,"Ontario","Pay by cash"
394,"Female",4,310,"Quebec","credit"
395,"Female",2,268,"Ontario","debit"
396,"Male",3,256,"Quebec","Mastercard"
397,"Male",7,234,"Alberta","Pay by cash"
398,"Male",7,241,"Ontario","Mastercard"
399,"Female",1,364,"Ontario","credit"
400,"Male",1,127,"Alberta","debit"
401,"Male",8,327,"Ontario","Pay by cash"
402,"Female",8,296,"Quebec","Mastercard"
403,"Female",5,133,"Ontario","credit"
404,"Female",6,101,"Alberta","credit"
405,"Male",4,335,"Quebec","Pay by cash"
406,"Female",4,106,"Quebec","credit"
407,"Female",4,457,"Ontario","debit"
408,"Male",6,480,"Quebec","Mastercard"
409,"Female",1,265,"Alberta","debit"
410,"Female",5,331,"Alberta","credit"
411,"Female",2,424,"Alberta","Pay by cash"
412,"Female",4,167,"Ontario","Pay by cash"
413,"Male",4,334,"Alberta","Mastercard"
414,"Female",3,110,"Quebec","Pay by cash"
415,"Female",5,242,"Ontario","debit"
416,"Female",5,148,"Ontario","Mastercard"
417,"Male",4,225,"Ontario","Pay by cash"
418,"Male",4,264,"Ontario","Mastercard"
419,"Male",2,156,"Alberta","Mastercard"
420,"Male",4,269,"Alberta","Pay by cash"
421,"Male",3,174,"Ontario","Mastercard"
422,"Female",2,252,"Alberta","Mastercard"
423,"Male",2,291,"Quebec","Pay by cash"
424,"Male",7,497,"Quebec","debit"
425,"Female",2,427,"Alberta","Pay by cash"
426,"Male",5,282,"Alberta","Pay by cash"
427,"Male",2,417,"Alberta","debit"
428,"Male",6,212,"Alberta","debit"
429,"Female",2,466,"Quebec","Mastercard"
430,"Male",1,445,"Alberta","credit"
431,"Female",6,165,"Quebec","debit"
432,"Male",5,112,"Ontario","Pay by cash"
433,"Female",2,152,"Ontario","debit"
434,"Male",1,350,"Quebec","debit"
435,"Male",7,397,"Quebec","Mastercard"
436,"Male",1,189,"Quebec","Pay by cash"
437,"Female",2,471,"Quebec","Pay by cash"
438,"Male",2,265,"Quebec","credit"
439,"Female",6,252,"Ontario","Mastercard"
440,"Male",1,315,"Ontario","debit"
441,"Male",6,352,"Ontario","debit"
442,"Male",4,404,"Alberta","Mastercard"
443,"Male",2,147,"Ontario","Mastercard"
444,"Male",2,289,"Ontario","credit"
445,"Female",6,319,"Quebec","debit"
446,"Male",1,355,"Ontario","debit"
447,"Female",7,204,"Quebec","credit"
448,"Female",4,302,"Ontario","Mastercard"
449,"Male",5,338,"Ontario","credit"
450,"Male",5,223,"Ontario","credit"
451,"Female",7,468,"Alberta","Mastercard"
452,"Female",5,285,"Alberta","Pay by cash"
453,"Male",1,101,"Alberta","credit"
454,"Male",7,389,"Quebec","Mastercard"
455,"Female",6,437,"Alberta","credit"
456,"Female",2,425,"Ontario","credit"
457,"Male",2,356,"Ontario","Mastercard"
458,"Male",4,110,"Alberta","debit"
459,"Male",3,353,"Alberta","Pay by cash"
460,"Male",1,339,"Ontario","Pay by cash"
461,"Female",8,141,"Quebec","credit"
462,"Female",6,356,"Quebec","Pay by cash"
463,"Male",6,209,"Quebec","Pay by cash"
464,"Female",8,448,"Quebec","Pay by cash"
465,"Male",7,292,"Quebec","debit"
466,"Male",3,392,"Quebec","debit"
467,"Male",7,346,"Alberta","debit"
468,"Female",2,497,"Quebec","Mastercard"
469,"Male",2,115,"Ontario","credit"
470,"Male",2,498,"Alberta","Pay by cash"
471,"Male",6,357,"Ontario","Pay by cash"
472,"Male",4,162,"Quebec","Mastercard"
473,"Male",2,233,"Ontario","Pay by cash"
474,"Female",6,443,"Alberta","Mastercard"
475,"Male",5,496,"Ontario","credit"
476,"Female",2,370,"Ontario","debit"
477,"Male",4,234,"Quebec","debit"
478,"Male",8,460,"Alberta","Pay by cash"
479,"Male",6,285,"Quebec","Pay by cash"
480,"Female",2,210,"Alberta","Mastercard"
481,"Male",5,453,"Ontario","Pay by cash"
482,"Female",2,361,"Alberta","debit"
483,"Male",6,144,"Alberta","debit"
484,"Male",6,195,"Ontario","Pay by cash"
485,"Male",1,336,"Alberta","Pay by cash"
486,"Male",7,206,"Quebec","credit"
487,"Male",3,412,"Ontario","Pay by cash"
488,"Male",3,274,"Alberta","Pay by cash"
489,"Female",3,453,"Quebec","credit"
490,"Female",5,160,"Ontario","debit"
491,"Female",5,266,"Alberta","Mastercard"
492,"Female",8,399,"Alberta","Mastercard"
493,"Female",8,428,"Alberta","Mastercard"
494,"Male",8,103,"Alberta","debit"
495,"Female",6,274,"Alberta","credit"
496,"Male",4,278,"Quebec","credit"
497,"Male",1,423,"Alberta","credit"
498,"Female",7,173,"Ontario","credit"
499,"Male",2,187,"Quebec","Pay by cash"
500,"Male",5,475,"Quebec","credit"
501,"Female",8,119,"Ontario","credit"
502,"Male",8,445,"Alberta","debit"
503,"Female",6,304,"Ontario","Pay by cash"
504,"Male",2,260,"Alberta","Pay by cash"
505,"Male",8,494,"Ontario","Pay by cash"
506,"Female",6,134,"Quebec","Pay by cash"
507,"Male",3,304,"Alberta","credit"
508,"Female",1,268,"Alberta","Mastercard"
509,"Female",1,500,"Alberta","debit"
510,"Female",5,250,"Quebec","Pay by cash"
511,"Female",6,197,"Quebec","debit"
512,"Female",5,499,"Ontario","Mastercard"
513,"Female",6,223,"Quebec","Pay by cash"
514,"Male",6,420,"Quebec","Mastercard"
515,"Female",2,414,"Alberta","Pay by cash"
516,"Female",5,489,"Quebec","credit"
517,"Female",4,165,"Ontario","credit"
518,"Male",1,338,"Quebec","debit"
519,"Female",8,449,"Ontario","Pay by cash"
520,"Male",8,322,"Quebec","debit"
521,"Female",5,269,"Alberta","credit"
522,"Male",8,405,"Alberta","Pay by cash"
523,"Female",7,415,"Alberta","Mastercard"
524,"Male",2,240,"Alberta","Pay by cash"
525,"Female",1,163,"Quebec","credit"
526,"Female",5,176,"Quebec","Mastercard"
527,"Female",2,134,"Ontario","Mastercard"
528,"Male",3,342,"Ontario","credit"
529,"Male",6,314,"Ontario","Mastercard"
530,"Female",4,405,"Quebec","debit"
531,"Male",3,225,"Quebec","debit"
532,"Female",6,438,"Alberta","Pay by cash"
533,"Female",8,170,"Quebec","Pay by cash"
534,"Male",7,407,"Ontario","credit"
535,"Female",6,104,"Alberta","Pay by cash"
536,"Male",5,295,"Alberta","debit"
537,"Male",5,397,"Alberta","debit"
538,"Female",7,175,"Ontario","Pay by cash"
539,"Male",4,499,"Alberta","credit"
540,"Female",2,114,"Quebec","Pay by cash"
541,"Female",5,166,"Alberta","debit"
542,"Male",8,322,"Alberta","credit"
543,"Female",7,384,"Quebec","credit"
544,"Male",8,395,"Quebec","debit"
545,"Male",4,497,"Ontario","Pay by cash"
546,"Female",2,468,"Ontario","Mastercard"
547,"Female",4,499,"Ontario","Pay by cash"
548,"Male",1,431,"Ontario","credit"
549,"Male",1,373,"Alberta","credit"
550,"Female",7,457,"Alberta","Mastercard"
551,"Male",4,478,"Quebec","credit"
552,"Male",3,215,"Ontario","Mastercard"
553,"Male",3,202,"Quebec","Pay by cash"
554,"Female",3,340,"Alberta","Pay by cash"
555,"Male",6,289,"Ontario","Pay by cash"
556,"Female",8,109,"Quebec","Pay by cash"
557,"Male",1,101,"Ontario","credit"
558,"Male",1,394,"Quebec","credit"
559,"Male",4,391,"Quebec","debit"
560,"Male",2,348,"Quebec","debit"
561,"Male",1,344,"Ontario","credit"
562,"Female",6,429,"Alberta","credit"
563,"Male",2,238,"Alberta","debit"
564,"Female",7,421,"Ontario","credit"
565,"Female",6,284,"Ontario","debit"
566,"Female",8,472,"Alberta","Pay by cash"
567,"Male",2,235,"Quebec","debit"
568,"Male",4,343,"Alberta","Pay by cash"
569,"Female",6,192,"Quebec","debit"
570,"Female",6,175,"Ontario","credit"
571,"Female",7,380,"Quebec","debit"
572,"Male",6,476,"Quebec","debit"
573,"Female",6,443,"Alberta","Mastercard"
574,"Female",2,297,"Quebec","Pay by cash"
575,"Male",8,345,"Alberta","credit"
576,"Female",8,251,"Quebec","credit"
577,"Male",1,405,"Alberta","debit"
578,"Female",5,195,"Quebec","debit"
579,"Male",8,388,"Alberta","debit"
580,"Male",5,194,"Ontario","Pay by cash"
581,"Female",6,270,"Quebec","credit"
582,"Male",8,223,"Ontario","Mastercard"
583,"Female",5,415,"Ontario","Mastercard"
584,"Male",3,126,"Alberta","credit"
585,"Male",7,427,"Ontario","debit"
586,"Female",7,199,"Alberta","Mastercard"
587,"Female",1,167,"Alberta","debit"
588,"Male",4,287,"Alberta","credit"
589,"Male",1,475,"Quebec","credit"
590,"Female",3,239,"Ontario","debit"
591,"Female",7,101,"Quebec","credit"
592,"Female",7,240,"Ontario","credit"
593,"Male",8,457,"Quebec","debit"
594,"Male",6,406,"Ontario","debit"
595,"Female",3,243,"Ontario","debit"
596,"Male",1,183,"Alberta","Mastercard"
597,"Female",4,103,"Alberta","debit"
598,"Male",3,151,"Alberta","credit"
599,"Female",8,470,"Alberta","Mastercard"
600,"Female",3,400,"Quebec","Mastercard"
601,"Female",5,494,"Quebec","credit"
602,"Female",3,372,"Alberta","Pay by cash"
603,"Male",7,401,"Quebec","Mastercard"
604,"Male",4,492,"Ontario","Mastercard"
605,"Male",2,314,"Alberta","debit"
606,"Male",4,113,"Alberta","Pay by cash"
607,"Male",5,215,"Ontario","Pay by cash"
608,"Female",2,235,"Quebec","credit"
609,"Male",5,300,"Alberta","Mastercard"
610,"Female",8,154,"Quebec","Pay by cash"
611,"Female",7,132,"Quebec","Pay by cash"
612,"Male",2,136,"Ontario","debit"
613,"Female",1,405,"Quebec","Pay by cash"
614,"Female",8,260,"Alberta","Mastercard"
615,"Male",4,362,"Alberta","debit"
616,"Male",2,151,"Quebec","credit"
617,"Male",2,341,"Alberta","Mastercard"
618,"Male",7,129,"Quebec","Pay by cash"
619,"Female",2,299,"Ontario","debit"
620,"Male",3,190,"Quebec","Pay by cash"
621,"Female",2,122,"Ontario","Mastercard"
622,"Female",5,104,"Ontario","Pay by cash"
623,"Female",8,209,"Quebec","Pay by cash"
624,"Male",5,130,"Ontario","Mastercard"
625,"Female",3,449,"Ontario","debit"
626,"Female",4,247,"Quebec","credit"
627,"Female",7,412,"Quebec","Mastercard"
628,"Female",8,283,"Quebec","credit"
629,"Male",7,129,"Quebec","credit"
630,"Female",1,150,"Quebec","Pay by cash"
631,"Male",5,157,"Ontario","Pay by cash"
632,"Female",5,449,"Ontario","credit"
633,"Male",7,302,"Quebec","Pay by cash"
634,"Male",7,153,"Ontario","credit"
635,"Male",8,382,"Quebec","Pay by cash"
636,"Male",1,314,"Alberta","Mastercard"
637,"Female",4,126,"Alberta","credit"
638,"Female",8,297,"Alberta","credit"
639,"Female",2,172,"Quebec","Pay by cash"
640,"Male",6,215,"Alberta","Pay by cash"
641,"Female",1,498,"Quebec","Pay by cash"
642,"Male",3,322,"Ontario","credit"
643,"Female",6,251,"Alberta","debit"
644,"Male",6,354,"Alberta","credit"
645,"Male",3,136,"Ontario","debit"
646,"Female",5,382,"Alberta","Mastercard"
647,"Female",3,273,"Ontario","Mastercard"
648,"Male",1,430,"Quebec","debit"
649,"Female",1,353,"Ontario","debit"
650,"Male",1,424,"Ontario","credit"
651,"Female",7,135,"Alberta","debit"
652,"Male",3,461,"Quebec","credit"
653,"Female",5,396,"Ontario","Pay by cash"
654,"Male",6,143,"Quebec","credit"
655,"Male",7,279,"Ontario","credit"
656,"Female",4,273,"Alberta","Mastercard"
657,"Male",3,398,"Quebec","credit"
658,"Male",7,207,"Alberta","credit"
659,"Female",2,200,"Quebec","credit"
660,"Female",2,108,"Quebec","Mastercard"
661,"Female",1,184,"Alberta","credit"
662,"Male",8,199,"Quebec","Pay by cash"
663,"Female",1,396,"Alberta","credit"
664,"Male",1,441,"Quebec","debit"
665,"Female",2,300,"Ontario","Mastercard"
666,"Female",7,189,"Quebec","Mastercard"
667,"Female",2,119,"Quebec","Pay by cash"
668,"Female",8,116,"Ontario","credit"
669,"Female",8,196,"Quebec","Mastercard"
670,"Male",6,132,"Quebec","credit"
671,"Female",6,492,"Quebec","debit"
672,"Female",1,155,"Alberta","debit"
673,"Male",4,157,"Quebec","credit"
674,"Male",5,369,"Ontario","credit"
675,"Female",4,347,"Quebec","debit"
676,"Female",8,155,"Quebec","Mastercard"
677,"Female",2,387,"Quebec","Pay by cash"
678,"Female",6,464,"Alberta","credit"
679,"Female",2,487,"Quebec","credit"
680,"Male",3,374,"Ontario","Mastercard"
681,"Female",1,443,"Quebec","Pay by cash"
682,"Female",5,263,"Alberta","debit"
683,"Male",8,442,"Alberta","credit"
684,"Female",2,271,"Quebec","debit"
685,"Female",3,334,"Quebec","Mastercard"
686,"Female",6,229,"Quebec","debit"
687,"Male",5,482,"Quebec","debit"
688,"Male",6,101,"Alberta","credit"
689,"Male",2,391,"Ontario","credit"
690,"Male",1,324,"Quebec","Pay by cash"
691,"Female",2,499,"Quebec","credit"
692,"Female",8,433,"Quebec","Mastercard"
693,"Female",2,321,"Quebec","Mastercard"
694,"Female",8,331,"Alberta","Mastercard"
695,"Female",7,412,"Ontario","Mastercard"
696,"Male",4,412,"Alberta","Pay by cash"
697,"Male",2,175,"Alberta","Mastercard"
698,"Male",4,241,"Alberta","credit"
699,"Male",2,500,"Quebec","Mastercard"
700,"Male",8,268,"Alberta","debit"
701,"Male",7,234,"Ontario","debit"
702,"Female",7,171,"Quebec","credit"
703,"Female",5,211,"Alberta","Mastercard"
704,"Female",8,491,"Quebec","credit"
705,"Male",3,200,"Ontario","credit"
706,"Male",4,358,"Quebec","credit"
707,"Female",4,199,"Alberta","debit"
708,"Female",4,196,"Ontario","Mastercard"
709,"Female",4,134,"Quebec","credit"
710,"Male",1,342,"Quebec","debit"
711,"Male",3,419,"Quebec","Mastercard"
712,"Female",3,218,"Alberta","Mastercard"
713,"Female",2,342,"Alberta","debit"
714,"Female",7,478,"Quebec","credit"
715,"Female",6,380,"Alberta","credit"
716,"Female",7,153,"Quebec","debit"
717,"Male",2,327,"Ontario","credit"
718,"Male",2,481,"Quebec","debit"
719,"Male",8,407,"Ontario","Mastercard"
720,"Male",1,421,"Alberta","debit"
721,"Male",8,104,"Alberta","Mastercard"
722,"Female",3,118,"Alberta","Pay by cash"
723,"Female",4,460,"Alberta","credit"
724,"Female",4,343,"Alberta","debit"
725,"Male",6,478,"Ontario","credit"
726,"Female",2,140,"Alberta","credit"
727,"Male",7,434,"Alberta","credit"
728,"Female",5,405,"Alberta","Pay by cash"
729,"Male",6,265,"Ontario","Mastercard"
730,"Female",7,467,"Alberta","Mastercard"
731,"Female",3,344,"Ontario","debit"
732,"Female",1,226,"Quebec","Pay by cash"
733,"Male",6,105,"Alberta","Pay by cash"
734,"Male",3,394,"Alberta","credit"
735,"Female",2,173,"Quebec","credit"
736,"Male",7,143,"Quebec","credit"
737,"Male",2,100,"Ontario","debit"
738,"Male",1,236,"Alberta","credit"
739,"Female",4,358,"Alberta","Pay by cash"
740,"Male",8,127,"Ontario","Pay by cash"
741,"Male",4,331,"Alberta","credit"
742,"Female",1,171,"Alberta","Mastercard"
743,"Female",7,469,"Ontario","debit"
744,"Female",2,383,"Quebec","debit"
745,"Male",2,337,"Alberta","debit"
746,"Male",5,372,"Ontario","debit"
747,"Female",2,364,"Quebec","debit"
748,"Male",3,275,"Quebec","debit"
749,"Male",1,382,"Quebec","credit"
750,"Male",6,300,"Ontario","Pay by cash"
751,"Female",7,428,"Ontario","credit"
752,"Male",7,387,"Ontario","debit"
753,"Male",2,290,"Alberta","credit"
754,"Male",4,464,"Alberta","credit"
755,"Female",1,373,"Alberta","Mastercard"
756,"Male",1,218,"Alberta","debit"
757,"Female",3,318,"Alberta","Mastercard"
758,"Female",8,127,"Alberta","debit"
759,"Male",1,340,"Alberta","Pay by cash"
760,"Male",8,144,"Alberta","Pay by cash"
761,"Male",8,483,"Ontario","credit"
762,"Male",1,128,"Quebec","Pay by cash"
763,"Female",2,141,"Alberta","debit"
764,"Female",7,431,"Ontario","debit"
765,"Female",3,475,"Ontario","Pay by cash"
766,"Male",1,375,"Alberta","Mastercard"
767,"Male",8,278,"Ontario","Mastercard"
768,"Female",2,211,"Quebec","debit"
769,"Female",2,282,"Ontario","Pay by cash"
770,"Male",6,335,"Ontario","credit"
771,"Female",7,415,"Ontario","Mastercard"
772,"Female",5,353,"Alberta","credit"
773,"Male",8,112,"Alberta","debit"
774,"Male",5,261,"Quebec","credit"
775,"Male",1,276,"Ontario","Mastercard"
776,"Female",7,460,"Quebec","debit"
777,"Male",5,423,"Ontario","debit"
778,"Male",7,221,"Ontario","credit"
779,"Female",5,364,"Quebec","Mastercard"
780,"Female",6,309,"Quebec","debit"
781,"Male",4,240,"Alberta","Mastercard"
782,"Female",1,325,"Alberta","debit"
783,"Female",8,261,"Quebec","Pay by cash"
784,"Male",6,102,"Alberta","debit"
785,"Male",5,106,"Alberta","credit"
786,"Female",2,189,"Quebec","debit"
787,"Male",3,105,"Quebec","credit"
788,"Male",1,494,"Ontario","Pay by cash"
789,"Male",5,361,"Alberta","Mastercard"
790,"Female",2,420,"Ontario","debit"
791,"Female",5,261,"Alberta","Pay by cash"
792,"Male",3,252,"Ontario","debit"
793,"Female",8,204,"Alberta","Mastercard"
794,"Male",6,105,"Alberta","Pay by cash"
795,"Female",1,307,"Ontario","Pay by cash"
796,"Male",2,427,"Alberta","debit"
797,"Male",4,266,"Alberta","Pay by cash"
798,"Female",6,392,"Quebec","Mastercard"
799,"Male",8,208,"Alberta","Pay by cash"
800,"Male",2,362,"Ontario","credit"
801,"Female",1,417,"Ontario","Pay by cash"
802,"Male",8,359,"Ontario","credit"
803,"Female",7,471,"Alberta","credit"
804,"Male",1,110,"Alberta","credit"
805,"Female",6,127,"Ontario","credit"
806,"Male",2,278,"Ontario","Pay by cash"
807,"Female",6,457,"Quebec","debit"
808,"Male",7,264,"Alberta","Mastercard"
809,"Male",8,383,"Quebec","Mastercard"
810,"Male",7,368,"Quebec","debit"
811,"Male",8,161,"Alberta","Mastercard"
812,"Female",1,131,"Quebec","credit"
813,"Male",6,447,"Ontario","Mastercard"
814,"Male",8,220,"Quebec","credit"
815,"Female",2,498,"Alberta","debit"
816,"Female",2,453,"Quebec","Mastercard"
817,"Female",2,304,"Ontario","debit"
818,"Female",4,478,"Ontario","credit"
819,"Male",5,275,"Alberta","credit"
820,"Male",6,465,"Alberta","credit"
821,"Female",6,108,"Alberta","Pay by cash"
822,"Male",7,286,"Quebec","debit"
823,"Male",4,379,"Alberta","Mastercard"
824,"Male",4,151,"Ontario","credit"
825,"Female",6,366,"Alberta","debit"
826,"Female",2,285,"Quebec","debit"
827,"Male",3,165,"Quebec","credit"
828,"Female",6,223,"Alberta","Pay by cash"
829,"Male",6,173,"Quebec","debit"
830,"Male",7,408,"Ontario","debit"
831,"Male",8,224,"Alberta","debit"
832,"Male",4,356,"Alberta","debit"
833,"Male",6,193,"Alberta","Mastercard"
834,"Male",7,446,"Alberta","Pay by cash"
835,"Female",3,375,"Quebec","debit"
836,"Female",4,137,"Alberta","credit"
837,"Male",8,423,"Quebec","debit"
838,"Female",8,233,"Ontario","credit"
839,"Male",7,455,"Ontario","Pay by cash"
840,"Male",6,419,"Alberta","credit"
841,"Female",5,450,"Ontario","Pay by cash"
842,"Male",4,223,"Ontario","Pay by cash"
843,"Female",3,336,"Alberta","Pay by cash"
844,"Female",8,364,"Quebec","debit"
845,"Male",3,386,"Ontario","Pay by cash"
846,"Male",3,233,"Alberta","credit"
847,"Female",6,199,"Quebec","credit"
848,"Male",3,392,"Ontario","Mastercard"
849,"Male",4,456,"Alberta","credit"
850,"Female",6,422,"Ontario","Pay by cash"
851,"Male",6,370,"Ontario","Mastercard"
852,"Male",8,138,"Ontario","credit"
853,"Male",3,140,"Ontario","Mastercard"
854,"Female",4,447,"Quebec","Pay by cash"
855,"Female",7,474,"Quebec","credit"
856,"Male",7,332,"Quebec","credit"
857,"Male",2,241,"Quebec","debit"
858,"Female",4,255,"Quebec","debit"
859,"Female",2,180,"Alberta","Mastercard"
860,"Male",2,404,"Ontario","Mastercard"
861,"Female",7,407,"Quebec","credit"
862,"Male",6,245,"Ontario","Pay by cash"
863,"Female",3,293,"Quebec","Pay by cash"
864,"Male",5,154,"Quebec","credit"
865,"Female",4,222,"Alberta","credit"
866,"Male",6,120,"Quebec","debit"
867,"Female",8,486,"Alberta","credit"
868,"Male",4,375,"Ontario","Mastercard"
869,"Male",2,160,"Quebec","credit"
870,"Male",2,444,"Quebec","debit"
871,"Female",5,185,"Alberta","Mastercard"
872,"Male",8,355,"Ontario","Mastercard"
873,"Female",3,339,"Quebec","Mastercard"
874,"Female",2,256,"Alberta","credit"
875,"Female",7,297,"Ontario","Mastercard"
876,"Male",8,370,"Ontario","Mastercard"
877,"Male",5,285,"Ontario","credit"
878,"Female",4,377,"Quebec","debit"
879,"Female",4,345,"Alberta","credit"
880,"Female",4,187,"Ontario","Pay by cash"
881,"Male",2,367,"Ontario","Pay by cash"
882,"Male",7,420,"Alberta","Pay by cash"
883,"Female",5,317,"Ontario","Pay by cash"
884,"Male",6,256,"Alberta","credit"
885,"Female",4,369,"Alberta","credit"
886,"Female",4,232,"Alberta","debit"
887,"Female",8,241,"Alberta","credit"
888,"Female",6,167,"Ontario","credit"
889,"Female",2,142,"Alberta","Mastercard"
890,"Male",2,200,"Quebec","credit"
891,"Female",7,359,"Quebec","credit"
892,"Female",4,390,"Alberta","Pay by cash"
893,"Female",3,214,"Alberta","debit"
894,"Male",4,237,"Alberta","Pay by cash"
895,"Female",7,261,"Quebec","Pay by cash"
896,"Male",4,111,"Alberta","Mastercard"
897,"Male",3,449,"Quebec","debit"
898,"Female",6,232,"Ontario","Pay by cash"
899,"Female",8,127,"Alberta","Pay by cash"
900,"Female",8,137,"Ontario","Mastercard"
901,"Female",8,143,"Alberta","debit"
902,"Male",1,477,"Quebec","Pay by cash"
903,"Female",3,250,"Quebec","credit"
904,"Female",4,173,"Alberta","debit"
905,"Female",4,138,"Quebec","debit"
906,"Female",1,489,"Quebec","Mastercard"
907,"Female",5,440,"Alberta","debit"
908,"Male",8,483,"Ontario","credit"
909,"Female",8,254,"Alberta","credit"
910,"Male",6,419,"Alberta","debit"
911,"Female",6,265,"Quebec","Pay by cash"
912,"Male",1,248,"Alberta","credit"
913,"Female",2,381,"Quebec","credit"
914,"Male",8,492,"Quebec","debit"
915,"Female",2,227,"Ontario","credit"
916,"Male",8,156,"Alberta","debit"
917,"Male",8,357,"Quebec","debit"
918,"Male",3,399,"Ontario","Pay by cash"
919,"Male",2,478,"Ontario","Pay by cash"
920,"Female",4,309,"Ontario","Pay by cash"
921,"Female",3,396,"Ontario","Pay by cash"
922,"Female",7,327,"Ontario","credit"
923,"Male",5,363,"Quebec","Pay by cash"
924,"Female",8,107,"Quebec","Pay by cash"
925,"Male",4,118,"Alberta","debit"
926,"Male",4,475,"Alberta","credit"
927,"Male",8,305,"Quebec","Mastercard"
928,"Male",6,106,"Alberta","credit"
929,"Male",2,189,"Alberta","Mastercard"
930,"Male",6,129,"Alberta","credit"
931,"Male",7,429,"Quebec","Mastercard"
932,"Female",1,252,"Ontario","Mastercard"
933,"Male",2,188,"Quebec","credit"
934,"Female",7,364,"Quebec","credit"
935,"Male",1,154,"Quebec","debit"
936,"Female",3,363,"Ontario","credit"
937,"Female",1,229,"Alberta","Mastercard"
938,"Male",6,350,"Alberta","debit"
939,"Male",4,416,"Quebec","Pay by cash"
940,"Female",7,226,"Ontario","Pay by cash"
941,"Female",6,405,"Quebec","credit"
942,"Male",6,163,"Quebec","credit"
943,"Female",2,112,"Ontario","Pay by cash"
944,"Male",7,274,"Quebec","Mastercard"
945,"Female",2,269,"Quebec","debit"
946,"Male",2,497,"Ontario","Pay by cash"
947,"Female",4,153,"Quebec","debit"
948,"Male",3,491,"Alberta","credit"
949,"Female",8,463,"Ontario","credit"
950,"Female",6,321,"Alberta","Pay by cash"
951,"Male",3,325,"Alberta","Pay by cash"
952,"Male",5,126,"Ontario","credit"
953,"Female",7,458,"Ontario","Mastercard"
954,"Male",8,475,"Ontario","Mastercard"
955,"Female",3,281,"Ontario","debit"
956,"Male",4,245,"Alberta","Pay by cash"
957,"Female",8,159,"Ontario","Pay by cash"
958,"Male",3,434,"Quebec","credit"
959,"Male",8,334,"Alberta","debit"
960,"Female",5,306,"Alberta","Pay by cash"
961,"Female",2,421,"Alberta","credit"
962,"Female",4,489,"Quebec","Pay by cash"
963,"Male",5,108,"Quebec","debit"
964,"Female",4,386,"Quebec","Mastercard"
965,"Female",2,378,"Alberta","Mastercard"
966,"Male",2,122,"Alberta","debit"
967,"Male",2,229,"Ontario","credit"
968,"Female",3,144,"Quebec","Pay by cash"
969,"Female",8,188,"Quebec","credit"
970,"Female",6,235,"Quebec","Mastercard"
971,"Female",1,250,"Ontario","Mastercard"
972,"Female",3,441,"Alberta","debit"
973,"Female",7,226,"Alberta","Mastercard"
974,"Female",2,439,"Alberta","Pay by cash"
975,"Male",5,184,"Quebec","Mastercard"
976,"Male",7,494,"Alberta","Mastercard"
977,"Male",8,434,"Quebec","debit"
978,"Female",7,184,"Ontario","credit"
979,"Female",8,418,"Quebec","credit"
980,"Female",6,446,"Ontario","credit"
981,"Male",6,474,"Ontario","debit"
982,"Female",1,146,"Quebec","Pay by cash"
983,"Male",6,226,"Alberta","credit"
984,"Female",2,225,"Quebec","Pay by cash"
985,"Female",1,128,"Quebec","credit"
986,"Female",7,482,"Alberta","Pay by cash"
987,"Male",4,491,"Quebec","Pay by cash"
988,"Male",5,489,"Quebec","credit"
989,"Female",8,454,"Quebec","debit"
990,"Male",2,373,"Alberta","Mastercard"
991,"Female",2,442,"Alberta","credit"
992,"Female",7,348,"Quebec","Pay by cash"
993,"Female",1,453,"Ontario","Mastercard"
994,"Male",1,463,"Alberta","debit"
995,"Female",3,284,"Ontario","Mastercard"
996,"Female",8,236,"Ontario","Pay by cash"
997,"Male",3,245,"Ontario","Pay by cash"
998,"Male",3,343,"Alberta","credit"
999,"Male",1,393,"Quebec","debit"
1000,"Male",4,456,"Quebec","Mastercard"
